grade_map,k_ratio,direction,varied_grade,fixed_category,p_any_analytical,p_any_simulated,a_probability_analytical,a_probability_simulated,b_probability_analytical,b_probability_simulated,fixed_probability_baseline,fixed_probability_pct_change
Compressed,0.25,vary_A,NONE,B,0.375,0.374545,0.0,0.0,0.375,0.374545,0.16666666666666669,124.99999999999996
Compressed,0.25,vary_A,LOW,B,0.6428571428571429,0.642902,0.4285714285714286,0.428221,0.2142857142857143,0.214681,0.16666666666666669,28.57142857142856
Compressed,0.25,vary_A,NORMAL,B,0.7222222222222222,0.722524,0.5555555555555556,0.555505,0.16666666666666669,0.167019,0.16666666666666669,0.0
Compressed,0.25,vary_A,HIGH,B,0.782608695652174,0.782886,0.6521739130434783,0.652396,0.13043478260869568,0.13049,0.16666666666666669,-21.739130434782606
Compressed,0.25,vary_A,VERY_HIGH,B,0.8214285714285714,0.821322,0.7142857142857143,0.714199,0.10714285714285714,0.107123,0.16666666666666669,-35.71428571428572
Compressed,0.25,vary_B,NONE,A,0.6666666666666666,0.66678,0.6666666666666665,0.66678,0.0,0.0,0.5555555555555556,19.99999999999997
Compressed,0.25,vary_B,LOW,A,0.691358024691358,0.69203,0.6172839506172839,0.617731,0.07407407407407407,0.074299,0.5555555555555556,11.111111111111093
Compressed,0.25,vary_B,NORMAL,A,0.7058823529411765,0.706192,0.5882352941176471,0.588896,0.11764705882352941,0.117296,0.5555555555555556,5.882352941176472
Compressed,0.25,vary_B,HIGH,A,0.7222222222222222,0.722335,0.5555555555555556,0.556029,0.16666666666666669,0.166306,0.5555555555555556,0.0
Compressed,0.25,vary_B,VERY_HIGH,A,0.7368421052631579,0.736919,0.5263157894736842,0.526115,0.21052631578947367,0.210804,0.5555555555555556,-5.263157894736848
Compressed,0.5,vary_A,NONE,B,0.23076923076923078,0.230978,0.0,0.0,0.23076923076923078,0.230978,0.13043478260869562,76.92307692307698
Compressed,0.5,vary_A,LOW,B,0.47368421052631576,0.474381,0.3157894736842105,0.31619,0.15789473684210525,0.158191,0.13043478260869562,21.05263157894739
Compressed,0.5,vary_A,NORMAL,B,0.5652173913043478,0.564832,0.4347826086956521,0.434313,0.13043478260869562,0.130519,0.13043478260869562,0.0
Compressed,0.5,vary_A,HIGH,B,0.6428571428571429,0.643341,0.5357142857142857,0.53616,0.10714285714285715,0.107181,0.13043478260869562,-17.857142857142826
Compressed,0.5,vary_A,VERY_HIGH,B,0.696969696969697,0.697387,0.6060606060606061,0.606323,0.09090909090909093,0.091064,0.13043478260869562,-30.303030303030276
Compressed,0.5,vary_B,NONE,A,0.5,0.499562,0.5,0.499562,0.0,0.0,0.4347826086956521,15.000000000000014
Compressed,0.5,vary_B,LOW,A,0.5283018867924528,0.527295,0.4716981132075471,0.471129,0.05660377358490566,0.056166,0.4347826086956521,8.490566037735858
Compressed,0.5,vary_B,NORMAL,A,0.5454545454545454,0.544429,0.45454545454545453,0.454187,0.0909090909090909,0.090242,0.4347826086956521,4.545454545454564
Compressed,0.5,vary_B,HIGH,A,0.5652173913043478,0.564726,0.4347826086956521,0.433934,0.13043478260869562,0.130792,0.4347826086956521,0.0
Compressed,0.5,vary_B,VERY_HIGH,A,0.5833333333333334,0.58443,0.4166666666666667,0.41792,0.16666666666666669,0.16651,0.4347826086956521,-4.166666666666652
Compressed,1.0,vary_A,NONE,B,0.13043478260869565,0.131283,0.0,0.0,0.13043478260869565,0.131283,0.09090909090909091,43.47826086956521
Compressed,1.0,vary_A,LOW,B,0.3103448275862069,0.310191,0.20689655172413793,0.206807,0.10344827586206896,0.103384,0.09090909090909091,13.793103448275868
Compressed,1.0,vary_A,NORMAL,B,0.3939393939393939,0.393456,0.30303030303030304,0.302629,0.09090909090909091,0.090827,0.09090909090909091,0.0
Compressed,1.0,vary_A,HIGH,B,0.47368421052631576,0.474487,0.3947368421052631,0.395064,0.07894736842105263,0.079423,0.09090909090909091,-13.157894736842113
Compressed,1.0,vary_A,VERY_HIGH,B,0.5348837209302325,0.535876,0.46511627906976744,0.46613,0.06976744186046512,0.069746,0.09090909090909091,-23.25581395348838
Compressed,1.0,vary_B,NONE,A,0.3333333333333333,0.333113,0.33333333333333326,0.333113,0.0,0.0,0.30303030303030304,9.999999999999964
Compressed,1.0,vary_B,LOW,A,0.358974358974359,0.358558,0.32051282051282054,0.320183,0.038461538461538464,0.038375,0.30303030303030304,5.769230769230771
Compressed,1.0,vary_B,NORMAL,A,0.375,0.374625,0.3125,0.311829,0.0625,0.062796,0.30303030303030304,3.125
Compressed,1.0,vary_B,HIGH,A,0.3939393939393939,0.394315,0.30303030303030304,0.303124,0.09090909090909091,0.091191,0.30303030303030304,0.0
Compressed,1.0,vary_B,VERY_HIGH,A,0.4117647058823529,0.412096,0.29411764705882354,0.2947,0.1176470588235294,0.117396,0.30303030303030304,-2.941176470588236
Compressed,2.0,vary_A,NONE,B,0.06976744186046512,0.069799,0.0,0.0,0.06976744186046512,0.069799,0.05660377358490566,23.25581395348837
Compressed,2.0,vary_A,LOW,B,0.1836734693877551,0.183296,0.12244897959183675,0.12225,0.06122448979591837,0.061046,0.05660377358490566,8.163265306122458
Compressed,2.0,vary_A,NORMAL,B,0.24528301886792453,0.245275,0.18867924528301888,0.188344,0.05660377358490566,0.056931,0.05660377358490566,0.0
Compressed,2.0,vary_A,HIGH,B,0.3103448275862069,0.310005,0.25862068965517243,0.258252,0.05172413793103448,0.051753,0.05660377358490566,-8.62068965517242
Compressed,2.0,vary_A,VERY_HIGH,B,0.36507936507936506,0.364784,0.31746031746031744,0.317522,0.047619047619047616,0.047262,0.05660377358490566,-15.873015873015884
Compressed,2.0,vary_B,NONE,A,0.2,0.199925,0.2,0.199925,0.0,0.0,0.18867924528301888,6.000000000000005
Compressed,2.0,vary_B,LOW,A,0.21875,0.218653,0.1953125,0.195212,0.0234375,0.023441,0.18867924528301888,3.515625
Compressed,2.0,vary_B,NORMAL,A,0.23076923076923078,0.231004,0.19230769230769232,0.192725,0.038461538461538464,0.038279,0.18867924528301888,1.9230769230769162
Compressed,2.0,vary_B,HIGH,A,0.24528301886792453,0.245036,0.18867924528301888,0.188418,0.05660377358490566,0.056618,0.18867924528301888,0.0
Compressed,2.0,vary_B,VERY_HIGH,A,0.25925925925925924,0.258247,0.18518518518518517,0.184589,0.07407407407407407,0.073658,0.18867924528301888,-1.85185185185186
Compressed,4.0,vary_A,NONE,B,0.03614457831325301,0.036003,0.0,0.0,0.03614457831325301,0.036003,0.03225806451612903,12.04819277108433
Compressed,4.0,vary_A,LOW,B,0.10112359550561797,0.101079,0.06741573033707865,0.067392,0.033707865168539325,0.033687,0.03225806451612903,4.494382022471921
Compressed,4.0,vary_A,NORMAL,B,0.13978494623655913,0.139617,0.10752688172043011,0.1072,0.03225806451612903,0.032417,0.03225806451612903,0.0
Compressed,4.0,vary_A,HIGH,B,0.1836734693877551,0.183286,0.15306122448979592,0.152861,0.030612244897959186,0.030425,0.03225806451612903,-5.1020408163265145
Compressed,4.0,vary_A,VERY_HIGH,B,0.22330097087378642,0.223635,0.19417475728155342,0.194402,0.02912621359223301,0.029233,0.03225806451612903,-9.708737864077666
Compressed,4.0,vary_B,NONE,A,0.1111111111111111,0.111314,0.11111111111111112,0.111314,0.0,0.0,0.10752688172043011,3.3333333333333437
Compressed,4.0,vary_B,LOW,A,0.12280701754385964,0.122876,0.10964912280701754,0.109782,0.013157894736842103,0.013094,0.10752688172043011,1.9736842105263053
Compressed,4.0,vary_B,NORMAL,A,0.13043478260869565,0.129977,0.10869565217391304,0.108187,0.021739130434782608,0.02179,0.10752688172043011,1.0869565217391353
Compressed,4.0,vary_B,HIGH,A,0.13978494623655913,0.139547,0.10752688172043011,0.107547,0.03225806451612903,0.032,0.10752688172043011,0.0
Compressed,4.0,vary_B,VERY_HIGH,A,0.14893617021276595,0.148517,0.10638297872340426,0.10639,0.0425531914893617,0.042127,0.10752688172043011,-1.0638297872340385
Compressed,8.0,vary_A,NONE,B,0.018404907975460124,0.018508,0.0,0.0,0.018404907975460124,0.018508,0.017341040462427747,6.134969325153361
Compressed,8.0,vary_A,LOW,B,0.05325443786982249,0.053321,0.03550295857988166,0.035441,0.01775147928994083,0.01788,0.017341040462427747,2.3668639053254337
Compressed,8.0,vary_A,NORMAL,B,0.07514450867052024,0.074756,0.05780346820809249,0.057737,0.017341040462427747,0.017019,0.017341040462427747,0.0
Compressed,8.0,vary_A,HIGH,B,0.10112359550561797,0.100934,0.08426966292134831,0.084323,0.016853932584269662,0.016611,0.017341040462427747,-2.808988764044962
Compressed,8.0,vary_A,VERY_HIGH,B,0.12568306010928962,0.126014,0.1092896174863388,0.109669,0.01639344262295082,0.016345,0.017341040462427747,-5.464480874316946
Compressed,8.0,vary_B,NONE,A,0.058823529411764705,0.058922,0.058823529411764705,0.058922,0.0,0.0,0.05780346820809249,1.764705882352935
Compressed,8.0,vary_B,LOW,A,0.06542056074766354,0.065339,0.05841121495327103,0.058323,0.007009345794392523,0.007016,0.05780346820809249,1.0514018691588634
Compressed,8.0,vary_B,NORMAL,A,0.06976744186046512,0.069511,0.05813953488372093,0.058013,0.011627906976744186,0.011498,0.05780346820809249,0.5813953488371881
Compressed,8.0,vary_B,HIGH,A,0.07514450867052024,0.074886,0.05780346820809249,0.057784,0.017341040462427747,0.017102,0.05780346820809249,0.0
Compressed,8.0,vary_B,VERY_HIGH,A,0.08045977011494253,0.079962,0.05747126436781609,0.057135,0.022988505747126436,0.022827,0.05780346820809249,-0.5747126436781769
Moderate,0.25,vary_A,NONE,B,0.4444444444444444,0.443881,0.0,0.0,0.4444444444444444,0.443881,0.21052631578947367,111.11111111111111
Moderate,0.25,vary_A,LOW,B,0.5652173913043478,0.56491,0.21739130434782605,0.217101,0.34782608695652173,0.347809,0.21052631578947367,65.21739130434783
Moderate,0.25,vary_A,NORMAL,B,0.7368421052631579,0.73736,0.5263157894736842,0.526437,0.21052631578947367,0.210923,0.21052631578947367,0.0
Moderate,0.25,vary_A,HIGH,B,0.8275862068965517,0.827731,0.6896551724137931,0.689601,0.13793103448275862,0.13813,0.21052631578947367,-34.48275862068966
Moderate,0.25,vary_A,VERY_HIGH,B,0.8979591836734694,0.898206,0.8163265306122449,0.816618,0.08163265306122448,0.081588,0.21052631578947367,-61.224489795918366
Moderate,0.25,vary_B,NONE,A,0.6666666666666666,0.6662,0.6666666666666665,0.6662,0.0,0.0,0.5263157894736842,26.66666666666664
Moderate,0.25,vary_B,LOW,A,0.6774193548387096,0.676177,0.6451612903225806,0.64411,0.03225806451612903,0.032067,0.5263157894736842,22.580645161290324
Moderate,0.25,vary_B,NORMAL,A,0.7058823529411765,0.704938,0.5882352941176471,0.588035,0.11764705882352941,0.116903,0.5263157894736842,11.764705882352944
Moderate,0.25,vary_B,HIGH,A,0.7368421052631579,0.736716,0.5263157894736842,0.52567,0.21052631578947367,0.211046,0.5263157894736842,0.0
Moderate,0.25,vary_B,VERY_HIGH,A,0.782608695652174,0.782031,0.43478260869565216,0.434387,0.3478260869565218,0.347644,0.5263157894736842,-17.391304347826086
Moderate,0.5,vary_A,NONE,B,0.2857142857142857,0.286512,0.0,0.0,0.2857142857142857,0.286512,0.16666666666666669,71.4285714285714
Moderate,0.5,vary_A,LOW,B,0.3939393939393939,0.393536,0.15151515151515152,0.150935,0.2424242424242424,0.242601,0.16666666666666669,45.45454545454544
Moderate,0.5,vary_A,NORMAL,B,0.5833333333333334,0.583492,0.4166666666666667,0.416218,0.16666666666666669,0.167274,0.16666666666666669,0.0
Moderate,0.5,vary_A,HIGH,B,0.7058823529411765,0.705111,0.5882352941176471,0.588103,0.11764705882352941,0.117008,0.16666666666666669,-29.41176470588236
Moderate,0.5,vary_A,VERY_HIGH,B,0.8148148148148148,0.813994,0.7407407407407407,0.739979,0.07407407407407407,0.074015,0.16666666666666669,-55.55555555555556
Moderate,0.5,vary_B,NONE,A,0.5,0.499594,0.5,0.499594,0.0,0.0,0.4166666666666667,19.999999999999996
Moderate,0.5,vary_B,LOW,A,0.5121951219512195,0.512356,0.48780487804878053,0.487903,0.024390243902439025,0.024453,0.4166666666666667,17.073170731707332
Moderate,0.5,vary_B,NORMAL,A,0.5454545454545454,0.545956,0.45454545454545453,0.454902,0.0909090909090909,0.091054,0.4166666666666667,9.090909090909083
Moderate,0.5,vary_B,HIGH,A,0.5833333333333334,0.58353,0.4166666666666667,0.416769,0.16666666666666669,0.166761,0.4166666666666667,0.0
Moderate,0.5,vary_B,VERY_HIGH,A,0.6428571428571429,0.642222,0.35714285714285715,0.357131,0.28571428571428575,0.285091,0.4166666666666667,-14.28571428571429
Moderate,1.0,vary_A,NONE,B,0.16666666666666666,0.165986,0.0,0.0,0.16666666666666666,0.165986,0.1176470588235294,41.66666666666667
Moderate,1.0,vary_A,LOW,B,0.24528301886792453,0.244581,0.09433962264150944,0.094361,0.1509433962264151,0.15022,0.1176470588235294,28.301886792452848
Moderate,1.0,vary_A,NORMAL,B,0.4117647058823529,0.411993,0.29411764705882354,0.293684,0.1176470588235294,0.118309,0.1176470588235294,0.0
Moderate,1.0,vary_A,HIGH,B,0.5454545454545454,0.54487,0.45454545454545453,0.453968,0.0909090909090909,0.090902,0.1176470588235294,-22.72727272727273
Moderate,1.0,vary_A,VERY_HIGH,B,0.6875,0.687786,0.625,0.625312,0.0625,0.062474,0.1176470588235294,-46.874999999999986
Moderate,1.0,vary_B,NONE,A,0.3333333333333333,0.333895,0.33333333333333326,0.333895,0.0,0.0,0.29411764705882354,13.333333333333307
Moderate,1.0,vary_B,LOW,A,0.3442622950819672,0.344881,0.3278688524590164,0.328508,0.01639344262295082,0.016373,0.29411764705882354,11.475409836065587
Moderate,1.0,vary_B,NORMAL,A,0.375,0.375534,0.3125,0.313048,0.0625,0.062486,0.29411764705882354,6.25
Moderate,1.0,vary_B,HIGH,A,0.4117647058823529,0.411705,0.29411764705882354,0.294216,0.1176470588235294,0.117489,0.29411764705882354,0.0
Moderate,1.0,vary_B,VERY_HIGH,A,0.47368421052631576,0.474031,0.2631578947368421,0.263352,0.21052631578947367,0.210679,0.29411764705882354,-10.526315789473696
Moderate,2.0,vary_A,NONE,B,0.09090909090909091,0.090981,0.0,0.0,0.09090909090909091,0.090981,0.07407407407407407,22.72727272727273
Moderate,2.0,vary_A,LOW,B,0.13978494623655913,0.139597,0.053763440860215055,0.05344,0.08602150537634408,0.086157,0.07407407407407407,16.129032258064523
Moderate,2.0,vary_A,NORMAL,B,0.25925925925925924,0.259408,0.18518518518518517,0.185304,0.07407407407407407,0.074104,0.07407407407407407,0.0
Moderate,2.0,vary_A,HIGH,B,0.375,0.375061,0.3125,0.312763,0.0625,0.062298,0.07407407407407407,-15.625
Moderate,2.0,vary_A,VERY_HIGH,B,0.5238095238095238,0.523778,0.4761904761904762,0.476274,0.04761904761904762,0.047504,0.07407407407407407,-35.71428571428571
Moderate,2.0,vary_B,NONE,A,0.2,0.199359,0.2,0.199359,0.0,0.0,0.18518518518518517,8.000000000000007
Moderate,2.0,vary_B,LOW,A,0.2079207920792079,0.208223,0.198019801980198,0.198227,0.009900990099009901,0.009996,0.18518518518518517,6.930693069306937
Moderate,2.0,vary_B,NORMAL,A,0.23076923076923078,0.230533,0.19230769230769232,0.191995,0.038461538461538464,0.038538,0.18518518518518517,3.8461538461538547
Moderate,2.0,vary_B,HIGH,A,0.25925925925925924,0.259798,0.18518518518518517,0.185407,0.07407407407407407,0.074391,0.18518518518518517,0.0
Moderate,2.0,vary_B,VERY_HIGH,A,0.3103448275862069,0.310131,0.1724137931034483,0.172194,0.13793103448275862,0.137937,0.18518518518518517,-6.896551724137923
Moderate,4.0,vary_A,NONE,B,0.047619047619047616,0.0476,0.0,0.0,0.047619047619047616,0.0476,0.0425531914893617,11.904761904761907
Moderate,4.0,vary_A,LOW,B,0.07514450867052024,0.075151,0.028901734104046246,0.029113,0.04624277456647399,0.046038,0.0425531914893617,8.670520231213885
Moderate,4.0,vary_A,NORMAL,B,0.14893617021276595,0.149379,0.10638297872340426,0.107019,0.0425531914893617,0.04236,0.0425531914893617,0.0
Moderate,4.0,vary_A,HIGH,B,0.23076923076923078,0.231098,0.19230769230769232,0.192408,0.038461538461538464,0.03869,0.0425531914893617,-9.615384615384603
Moderate,4.0,vary_A,VERY_HIGH,B,0.3548387096774194,0.354391,0.32258064516129037,0.322302,0.03225806451612903,0.032089,0.0425531914893617,-24.193548387096776
Moderate,4.0,vary_B,NONE,A,0.1111111111111111,0.111384,0.11111111111111112,0.111384,0.0,0.0,0.10638297872340426,4.444444444444451
Moderate,4.0,vary_B,LOW,A,0.11602209944751381,0.11615,0.11049723756906077,0.110626,0.0055248618784530384,0.005524,0.10638297872340426,3.8674033149171283
Moderate,4.0,vary_B,NORMAL,A,0.13043478260869565,0.130262,0.10869565217391304,0.108505,0.021739130434782608,0.021757,0.10638297872340426,2.1739130434782483
Moderate,4.0,vary_B,HIGH,A,0.14893617021276595,0.149103,0.10638297872340426,0.106951,0.0425531914893617,0.042152,0.10638297872340426,0.0
Moderate,4.0,vary_B,VERY_HIGH,A,0.1836734693877551,0.183912,0.10204081632653061,0.102427,0.0816326530612245,0.081485,0.10638297872340426,-4.081632653061218
Moderate,8.0,vary_A,NONE,B,0.024390243902439025,0.024439,0.0,0.0,0.024390243902439025,0.024439,0.022988505747126436,6.0975609756097615
Moderate,8.0,vary_A,LOW,B,0.03903903903903904,0.039313,0.015015015015015015,0.015265,0.024024024024024024,0.024048,0.022988505747126436,4.504504504504503
Moderate,8.0,vary_A,NORMAL,B,0.08045977011494253,0.08065,0.05747126436781609,0.057576,0.022988505747126436,0.023074,0.022988505747126436,0.0
Moderate,8.0,vary_A,HIGH,B,0.13043478260869565,0.130429,0.10869565217391304,0.108795,0.021739130434782608,0.021634,0.022988505747126436,-5.434782608695654
Moderate,8.0,vary_A,VERY_HIGH,B,0.21568627450980393,0.215308,0.19607843137254902,0.195647,0.0196078431372549,0.019661,0.022988505747126436,-14.70588235294118
Moderate,8.0,vary_B,NONE,A,0.058823529411764705,0.058811,0.058823529411764705,0.058811,0.0,0.0,0.05747126436781609,2.35294117647058
Moderate,8.0,vary_B,LOW,A,0.06158357771260997,0.061577,0.05865102639296187,0.058719,0.002932551319648094,0.002858,0.05747126436781609,2.052785923753664
Moderate,8.0,vary_B,NORMAL,A,0.06976744186046512,0.069752,0.05813953488372093,0.058181,0.011627906976744186,0.011571,0.05747126436781609,1.1627906976744207
Moderate,8.0,vary_B,HIGH,A,0.08045977011494253,0.080462,0.05747126436781609,0.057445,0.022988505747126436,0.023017,0.05747126436781609,0.0
Moderate,8.0,vary_B,VERY_HIGH,A,0.10112359550561797,0.100988,0.056179775280898875,0.056036,0.0449438202247191,0.044952,0.05747126436781609,-2.2471910112359605
Wide,0.25,vary_A,NONE,B,0.5454545454545454,0.546305,0.0,0.0,0.5454545454545454,0.546305,0.2857142857142857,90.90909090909089
Wide,0.25,vary_A,LOW,B,0.5833333333333334,0.583927,0.08333333333333334,0.083386,0.5,0.500541,0.2857142857142857,75.0
Wide,0.25,vary_A,NORMAL,B,0.7619047619047619,0.761807,0.47619047619047616,0.476171,0.2857142857142857,0.285636,0.2857142857142857,0.0
Wide,0.25,vary_A,HIGH,B,0.8780487804878049,0.878088,0.7317073170731707,0.731511,0.14634146341463414,0.146577,0.2857142857142857,-48.78048780487805
Wide,0.25,vary_A,VERY_HIGH,B,0.945054945054945,0.945425,0.8791208791208791,0.878988,0.06593406593406594,0.066437,0.2857142857142857,-76.92307692307692
Wide,0.25,vary_B,NONE,A,0.6666666666666666,0.667286,0.6666666666666665,0.667286,0.0,0.0,0.47619047619047616,39.99999999999997
Wide,0.25,vary_B,LOW,A,0.6710526315789473,0.671232,0.6578947368421052,0.658005,0.013157894736842106,0.013227,0.47619047619047616,38.1578947368421
Wide,0.25,vary_B,NORMAL,A,0.7058823529411765,0.705747,0.5882352941176471,0.58809,0.11764705882352941,0.117657,0.47619047619047616,23.529411764705888
Wide,0.25,vary_B,HIGH,A,0.7619047619047619,0.761953,0.47619047619047616,0.476368,0.2857142857142857,0.285585,0.47619047619047616,0.0
Wide,0.25,vary_B,VERY_HIGH,A,0.8387096774193549,0.838775,0.3225806451612903,0.322238,0.5161290322580646,0.516537,0.47619047619047616,-32.258064516129025
Wide,0.5,vary_A,NONE,B,0.375,0.374837,0.0,0.0,0.375,0.374837,0.23076923076923075,62.5
Wide,0.5,vary_A,LOW,B,0.4117647058823529,0.411337,0.0588235294117647,0.058944,0.3529411764705882,0.352393,0.23076923076923075,52.941176470588225
Wide,0.5,vary_A,NORMAL,B,0.6153846153846154,0.61479,0.38461538461538464,0.384395,0.23076923076923075,0.230395,0.23076923076923075,0.0
Wide,0.5,vary_A,HIGH,B,0.782608695652174,0.782446,0.6521739130434783,0.652205,0.13043478260869568,0.130241,0.23076923076923075,-43.4782608695652
Wide,0.5,vary_A,VERY_HIGH,B,0.8958333333333334,0.896121,0.8333333333333334,0.833215,0.0625,0.062906,0.23076923076923075,-72.91666666666666
Wide,0.5,vary_B,NONE,A,0.5,0.500326,0.5,0.500326,0.0,0.0,0.38461538461538464,29.999999999999982
Wide,0.5,vary_B,LOW,A,0.504950495049505,0.504853,0.49504950495049505,0.495049,0.009900990099009901,0.009804,0.38461538461538464,28.712871287128692
Wide,0.5,vary_B,NORMAL,A,0.5454545454545454,0.545258,0.45454545454545453,0.455109,0.0909090909090909,0.090149,0.38461538461538464,18.181818181818166
Wide,0.5,vary_B,HIGH,A,0.6153846153846154,0.614744,0.38461538461538464,0.384317,0.23076923076923075,0.230427,0.38461538461538464,0.0
Wide,0.5,vary_B,VERY_HIGH,A,0.7222222222222222,0.722407,0.2777777777777778,0.277137,0.4444444444444444,0.44527,0.38461538461538464,-27.77777777777778
Wide,1.0,vary_A,NONE,B,0.23076923076923078,0.23119,0.0,0.0,0.23076923076923078,0.23119,0.16666666666666666,38.46153846153848
Wide,1.0,vary_A,LOW,B,0.25925925925925924,0.259787,0.037037037037037035,0.036976,0.2222222222222222,0.222811,0.16666666666666666,33.33333333333333
Wide,1.0,vary_A,NORMAL,B,0.4444444444444444,0.443186,0.2777777777777778,0.277273,0.16666666666666666,0.165913,0.16666666666666666,0.0
Wide,1.0,vary_A,HIGH,B,0.6428571428571429,0.64353,0.5357142857142857,0.536493,0.10714285714285715,0.107037,0.16666666666666666,-35.71428571428571
Wide,1.0,vary_A,VERY_HIGH,B,0.8113207547169812,0.811589,0.7547169811320755,0.754941,0.05660377358490566,0.056648,0.16666666666666666,-66.0377358490566
Wide,1.0,vary_B,NONE,A,0.3333333333333333,0.333492,0.33333333333333326,0.333492,0.0,0.0,0.2777777777777778,19.99999999999997
Wide,1.0,vary_B,LOW,A,0.33774834437086093,0.337346,0.33112582781456956,0.330572,0.006622516556291391,0.006774,0.2777777777777778,19.20529801324504
Wide,1.0,vary_B,NORMAL,A,0.375,0.37458,0.3125,0.312454,0.0625,0.062126,0.2777777777777778,12.5
Wide,1.0,vary_B,HIGH,A,0.4444444444444444,0.444874,0.2777777777777778,0.278095,0.16666666666666666,0.166779,0.2777777777777778,0.0
Wide,1.0,vary_B,VERY_HIGH,A,0.5652173913043478,0.565558,0.21739130434782605,0.21755,0.34782608695652173,0.348008,0.2777777777777778,-21.739130434782627
Wide,2.0,vary_A,NONE,B,0.13043478260869565,0.130566,0.0,0.0,0.13043478260869565,0.130566,0.10714285714285714,21.739130434782616
Wide,2.0,vary_A,LOW,B,0.14893617021276595,0.148375,0.02127659574468085,0.021214,0.1276595744680851,0.127161,0.10714285714285714,19.14893617021276
Wide,2.0,vary_A,NORMAL,B,0.2857142857142857,0.286475,0.17857142857142855,0.179284,0.10714285714285714,0.107191,0.10714285714285714,0.0
Wide,2.0,vary_A,HIGH,B,0.47368421052631576,0.473273,0.3947368421052631,0.394277,0.07894736842105263,0.078996,0.10714285714285714,-26.315789473684216
Wide,2.0,vary_A,VERY_HIGH,B,0.6825396825396826,0.682852,0.6349206349206349,0.635556,0.04761904761904762,0.047296,0.10714285714285714,-55.55555555555555
Wide,2.0,vary_B,NONE,A,0.2,0.199889,0.2,0.199889,0.0,0.0,0.17857142857142855,12.00000000000001
Wide,2.0,vary_B,LOW,A,0.20318725099601595,0.203447,0.199203187250996,0.199452,0.003984063745019921,0.003995,0.17857142857142855,11.55378486055778
Wide,2.0,vary_B,NORMAL,A,0.23076923076923078,0.231049,0.19230769230769232,0.192598,0.038461538461538464,0.038451,0.17857142857142855,7.692307692307709
Wide,2.0,vary_B,HIGH,A,0.2857142857142857,0.28586,0.17857142857142855,0.179198,0.10714285714285714,0.106662,0.17857142857142855,0.0
Wide,2.0,vary_B,VERY_HIGH,A,0.3939393939393939,0.394122,0.15151515151515152,0.152039,0.2424242424242424,0.242083,0.17857142857142855,-15.151515151515138
Wide,4.0,vary_A,NONE,B,0.06976744186046512,0.069754,0.0,0.0,0.06976744186046512,0.069754,0.0625,11.627906976744185
Wide,4.0,vary_A,LOW,B,0.08045977011494253,0.080201,0.011494252873563218,0.011443,0.06896551724137931,0.068758,0.0625,10.344827586206895
Wide,4.0,vary_A,NORMAL,B,0.16666666666666666,0.166435,0.10416666666666666,0.103758,0.0625,0.062677,0.0625,0.0
Wide,4.0,vary_A,HIGH,B,0.3103448275862069,0.310633,0.25862068965517243,0.259011,0.05172413793103448,0.051622,0.0625,-17.24137931034483
Wide,4.0,vary_A,VERY_HIGH,B,0.5180722891566265,0.518292,0.4819277108433735,0.482361,0.03614457831325302,0.035931,0.0625,-42.16867469879517
Wide,4.0,vary_B,NONE,A,0.1111111111111111,0.111528,0.11111111111111112,0.111528,0.0,0.0,0.10416666666666666,6.666666666666687
Wide,4.0,vary_B,LOW,A,0.1130820399113082,0.112808,0.11086474501108648,0.110637,0.0022172949002217295,0.002171,0.10416666666666666,6.430155210643029
Wide,4.0,vary_B,NORMAL,A,0.13043478260869565,0.129862,0.10869565217391304,0.108059,0.021739130434782608,0.021803,0.10416666666666666,4.347826086956519
Wide,4.0,vary_B,HIGH,A,0.16666666666666666,0.165905,0.10416666666666666,0.103771,0.0625,0.062134,0.10416666666666666,0.0
Wide,4.0,vary_B,VERY_HIGH,A,0.24528301886792453,0.244835,0.09433962264150944,0.093885,0.1509433962264151,0.15095,0.10416666666666666,-9.43396226415093
Wide,8.0,vary_A,NONE,B,0.03614457831325301,0.03631,0.0,0.0,0.03614457831325301,0.03631,0.034090909090909095,6.024096385542155
Wide,8.0,vary_A,LOW,B,0.041916167664670656,0.04194,0.005988023952095808,0.006117,0.03592814371257485,0.035823,0.034090909090909095,5.3892215568862145
Wide,8.0,vary_A,NORMAL,B,0.09090909090909091,0.090967,0.05681818181818182,0.05689,0.034090909090909095,0.034077,0.034090909090909095,0.0
Wide,8.0,vary_A,HIGH,B,0.1836734693877551,0.183759,0.15306122448979592,0.152875,0.030612244897959186,0.030884,0.034090909090909095,-10.204081632653061
Wide,8.0,vary_A,VERY_HIGH,B,0.34959349593495936,0.349441,0.3252032520325203,0.324789,0.024390243902439025,0.024652,0.034090909090909095,-28.45528455284554
Wide,8.0,vary_B,NONE,A,0.058823529411764705,0.058184,0.058823529411764705,0.058184,0.0,0.0,0.05681818181818182,3.52941176470587
Wide,8.0,vary_B,LOW,A,0.05992949471210341,0.059783,0.058754406580493544,0.058589,0.001175088131609871,0.001194,0.05681818181818182,3.4077555816686367
Wide,8.0,vary_B,NORMAL,A,0.06976744186046512,0.069707,0.05813953488372093,0.058195,0.011627906976744186,0.011512,0.05681818181818182,2.325581395348819
Wide,8.0,vary_B,HIGH,A,0.09090909090909091,0.090804,0.05681818181818182,0.056606,0.034090909090909095,0.034198,0.05681818181818182,0.0
Wide,8.0,vary_B,VERY_HIGH,A,0.13978494623655913,0.139893,0.053763440860215055,0.053801,0.08602150537634408,0.086092,0.05681818181818182,-5.376344086021511
