record_type,grade_map,k_ratio,grade,input_value,input_unit,analytical_value,simulated_value,metric,reopen_signal
engagement_saturation,Compressed,0.25,NORMAL,0.0,W_over_reference_exposure,0.0,0.0,P_any,
engagement_saturation,Compressed,0.25,NORMAL,0.01,W_over_reference_exposure,0.038461538461538464,0.038535,P_any,
engagement_saturation,Compressed,0.25,NORMAL,0.025,W_over_reference_exposure,0.09090909090909091,0.090396,P_any,
engagement_saturation,Compressed,0.25,NORMAL,0.05,W_over_reference_exposure,0.16666666666666666,0.166753,P_any,
engagement_saturation,Compressed,0.25,NORMAL,0.1,W_over_reference_exposure,0.2857142857142857,0.286018,P_any,
engagement_saturation,Compressed,0.25,NORMAL,0.25,W_over_reference_exposure,0.5,0.499012,P_any,
engagement_saturation,Compressed,0.25,NORMAL,0.5,W_over_reference_exposure,0.6666666666666666,0.665763,P_any,
engagement_saturation,Compressed,0.25,NORMAL,1.0,W_over_reference_exposure,0.8,0.799668,P_any,
engagement_saturation,Compressed,0.25,NORMAL,2.0,W_over_reference_exposure,0.8888888888888888,0.88901,P_any,
engagement_saturation,Compressed,0.25,NORMAL,4.0,W_over_reference_exposure,0.9411764705882353,0.940787,P_any,
engagement_saturation,Compressed,0.25,NORMAL,8.0,W_over_reference_exposure,0.9696969696969697,0.969575,P_any,
engagement_saturation,Compressed,0.25,NORMAL,16.0,W_over_reference_exposure,0.9846153846153847,0.984699,P_any,
grade_map_sensitivity,Compressed,0.25,NONE,100000.0,exposure,0.0,0.0,P_any,
grade_map_sensitivity,Compressed,0.25,LOW,100000.0,exposure,0.7058823529411765,0.705773,P_any,
grade_map_sensitivity,Compressed,0.25,NORMAL,100000.0,exposure,0.8,0.799321,P_any,
grade_map_sensitivity,Compressed,0.25,HIGH,100000.0,exposure,0.8571428571428571,0.856453,P_any,
grade_map_sensitivity,Compressed,0.25,VERY_HIGH,100000.0,exposure,0.8888888888888888,0.888897,P_any,
engagement_saturation,Compressed,0.5,NORMAL,0.0,W_over_reference_exposure,0.0,0.0,P_any,
engagement_saturation,Compressed,0.5,NORMAL,0.01,W_over_reference_exposure,0.0196078431372549,0.01963,P_any,
engagement_saturation,Compressed,0.5,NORMAL,0.025,W_over_reference_exposure,0.047619047619047616,0.047615,P_any,
engagement_saturation,Compressed,0.5,NORMAL,0.05,W_over_reference_exposure,0.09090909090909091,0.091307,P_any,
engagement_saturation,Compressed,0.5,NORMAL,0.1,W_over_reference_exposure,0.16666666666666666,0.167064,P_any,
engagement_saturation,Compressed,0.5,NORMAL,0.25,W_over_reference_exposure,0.3333333333333333,0.332919,P_any,
engagement_saturation,Compressed,0.5,NORMAL,0.5,W_over_reference_exposure,0.5,0.499515,P_any,
engagement_saturation,Compressed,0.5,NORMAL,1.0,W_over_reference_exposure,0.6666666666666666,0.666685,P_any,
engagement_saturation,Compressed,0.5,NORMAL,2.0,W_over_reference_exposure,0.8,0.800179,P_any,
engagement_saturation,Compressed,0.5,NORMAL,4.0,W_over_reference_exposure,0.8888888888888888,0.888989,P_any,
engagement_saturation,Compressed,0.5,NORMAL,8.0,W_over_reference_exposure,0.9411764705882353,0.941288,P_any,
engagement_saturation,Compressed,0.5,NORMAL,16.0,W_over_reference_exposure,0.9696969696969697,0.96995,P_any,
grade_map_sensitivity,Compressed,0.5,NONE,100000.0,exposure,0.0,0.0,P_any,
grade_map_sensitivity,Compressed,0.5,LOW,100000.0,exposure,0.5454545454545454,0.544814,P_any,
grade_map_sensitivity,Compressed,0.5,NORMAL,100000.0,exposure,0.6666666666666666,0.665794,P_any,
grade_map_sensitivity,Compressed,0.5,HIGH,100000.0,exposure,0.75,0.749259,P_any,
grade_map_sensitivity,Compressed,0.5,VERY_HIGH,100000.0,exposure,0.8,0.799981,P_any,
engagement_saturation,Compressed,1.0,NORMAL,0.0,W_over_reference_exposure,0.0,0.0,P_any,
engagement_saturation,Compressed,1.0,NORMAL,0.01,W_over_reference_exposure,0.009900990099009901,0.009816,P_any,
engagement_saturation,Compressed,1.0,NORMAL,0.025,W_over_reference_exposure,0.024390243902439025,0.02458,P_any,
engagement_saturation,Compressed,1.0,NORMAL,0.05,W_over_reference_exposure,0.047619047619047616,0.047579,P_any,
engagement_saturation,Compressed,1.0,NORMAL,0.1,W_over_reference_exposure,0.09090909090909091,0.090662,P_any,
engagement_saturation,Compressed,1.0,NORMAL,0.25,W_over_reference_exposure,0.2,0.199698,P_any,
engagement_saturation,Compressed,1.0,NORMAL,0.5,W_over_reference_exposure,0.3333333333333333,0.333597,P_any,
engagement_saturation,Compressed,1.0,NORMAL,1.0,W_over_reference_exposure,0.5,0.498583,P_any,
engagement_saturation,Compressed,1.0,NORMAL,2.0,W_over_reference_exposure,0.6666666666666666,0.666712,P_any,
engagement_saturation,Compressed,1.0,NORMAL,4.0,W_over_reference_exposure,0.8,0.799919,P_any,
engagement_saturation,Compressed,1.0,NORMAL,8.0,W_over_reference_exposure,0.8888888888888888,0.888572,P_any,
engagement_saturation,Compressed,1.0,NORMAL,16.0,W_over_reference_exposure,0.9411764705882353,0.941089,P_any,
grade_map_sensitivity,Compressed,1.0,NONE,100000.0,exposure,0.0,0.0,P_any,
grade_map_sensitivity,Compressed,1.0,LOW,100000.0,exposure,0.375,0.374724,P_any,
grade_map_sensitivity,Compressed,1.0,NORMAL,100000.0,exposure,0.5,0.500368,P_any,
grade_map_sensitivity,Compressed,1.0,HIGH,100000.0,exposure,0.6,0.60017,P_any,
grade_map_sensitivity,Compressed,1.0,VERY_HIGH,100000.0,exposure,0.6666666666666666,0.666381,P_any,
engagement_saturation,Compressed,2.0,NORMAL,0.0,W_over_reference_exposure,0.0,0.0,P_any,
engagement_saturation,Compressed,2.0,NORMAL,0.01,W_over_reference_exposure,0.004975124378109453,0.005028,P_any,
engagement_saturation,Compressed,2.0,NORMAL,0.025,W_over_reference_exposure,0.012345679012345678,0.012252,P_any,
engagement_saturation,Compressed,2.0,NORMAL,0.05,W_over_reference_exposure,0.024390243902439025,0.024456,P_any,
engagement_saturation,Compressed,2.0,NORMAL,0.1,W_over_reference_exposure,0.047619047619047616,0.047419,P_any,
engagement_saturation,Compressed,2.0,NORMAL,0.25,W_over_reference_exposure,0.1111111111111111,0.110738,P_any,
engagement_saturation,Compressed,2.0,NORMAL,0.5,W_over_reference_exposure,0.2,0.19987,P_any,
engagement_saturation,Compressed,2.0,NORMAL,1.0,W_over_reference_exposure,0.3333333333333333,0.332526,P_any,
engagement_saturation,Compressed,2.0,NORMAL,2.0,W_over_reference_exposure,0.5,0.500611,P_any,
engagement_saturation,Compressed,2.0,NORMAL,4.0,W_over_reference_exposure,0.6666666666666666,0.666849,P_any,
engagement_saturation,Compressed,2.0,NORMAL,8.0,W_over_reference_exposure,0.8,0.800606,P_any,
engagement_saturation,Compressed,2.0,NORMAL,16.0,W_over_reference_exposure,0.8888888888888888,0.888945,P_any,
grade_map_sensitivity,Compressed,2.0,NONE,100000.0,exposure,0.0,0.0,P_any,
grade_map_sensitivity,Compressed,2.0,LOW,100000.0,exposure,0.23076923076923078,0.230069,P_any,
grade_map_sensitivity,Compressed,2.0,NORMAL,100000.0,exposure,0.3333333333333333,0.333347,P_any,
grade_map_sensitivity,Compressed,2.0,HIGH,100000.0,exposure,0.42857142857142855,0.429139,P_any,
grade_map_sensitivity,Compressed,2.0,VERY_HIGH,100000.0,exposure,0.5,0.500058,P_any,
engagement_saturation,Compressed,4.0,NORMAL,0.0,W_over_reference_exposure,0.0,0.0,P_any,
engagement_saturation,Compressed,4.0,NORMAL,0.01,W_over_reference_exposure,0.0024937655860349127,0.002484,P_any,
engagement_saturation,Compressed,4.0,NORMAL,0.025,W_over_reference_exposure,0.006211180124223602,0.006072,P_any,
engagement_saturation,Compressed,4.0,NORMAL,0.05,W_over_reference_exposure,0.012345679012345678,0.012452,P_any,
engagement_saturation,Compressed,4.0,NORMAL,0.1,W_over_reference_exposure,0.024390243902439025,0.024405,P_any,
engagement_saturation,Compressed,4.0,NORMAL,0.25,W_over_reference_exposure,0.058823529411764705,0.058796,P_any,
engagement_saturation,Compressed,4.0,NORMAL,0.5,W_over_reference_exposure,0.1111111111111111,0.110779,P_any,
engagement_saturation,Compressed,4.0,NORMAL,1.0,W_over_reference_exposure,0.2,0.200179,P_any,
engagement_saturation,Compressed,4.0,NORMAL,2.0,W_over_reference_exposure,0.3333333333333333,0.333607,P_any,
engagement_saturation,Compressed,4.0,NORMAL,4.0,W_over_reference_exposure,0.5,0.500203,P_any,
engagement_saturation,Compressed,4.0,NORMAL,8.0,W_over_reference_exposure,0.6666666666666666,0.66686,P_any,
engagement_saturation,Compressed,4.0,NORMAL,16.0,W_over_reference_exposure,0.8,0.800595,P_any,
grade_map_sensitivity,Compressed,4.0,NONE,100000.0,exposure,0.0,0.0,P_any,
grade_map_sensitivity,Compressed,4.0,LOW,100000.0,exposure,0.13043478260869565,0.130186,P_any,
grade_map_sensitivity,Compressed,4.0,NORMAL,100000.0,exposure,0.2,0.199408,P_any,
grade_map_sensitivity,Compressed,4.0,HIGH,100000.0,exposure,0.2727272727272727,0.273231,P_any,
grade_map_sensitivity,Compressed,4.0,VERY_HIGH,100000.0,exposure,0.3333333333333333,0.332733,P_any,
engagement_saturation,Compressed,8.0,NORMAL,0.0,W_over_reference_exposure,0.0,0.0,P_any,
engagement_saturation,Compressed,8.0,NORMAL,0.01,W_over_reference_exposure,0.0012484394506866417,0.00129,P_any,
engagement_saturation,Compressed,8.0,NORMAL,0.025,W_over_reference_exposure,0.003115264797507788,0.003079,P_any,
engagement_saturation,Compressed,8.0,NORMAL,0.05,W_over_reference_exposure,0.006211180124223602,0.006231,P_any,
engagement_saturation,Compressed,8.0,NORMAL,0.1,W_over_reference_exposure,0.012345679012345678,0.012412,P_any,
engagement_saturation,Compressed,8.0,NORMAL,0.25,W_over_reference_exposure,0.030303030303030304,0.030441,P_any,
engagement_saturation,Compressed,8.0,NORMAL,0.5,W_over_reference_exposure,0.058823529411764705,0.058835,P_any,
engagement_saturation,Compressed,8.0,NORMAL,1.0,W_over_reference_exposure,0.1111111111111111,0.11138,P_any,
engagement_saturation,Compressed,8.0,NORMAL,2.0,W_over_reference_exposure,0.2,0.199209,P_any,
engagement_saturation,Compressed,8.0,NORMAL,4.0,W_over_reference_exposure,0.3333333333333333,0.333446,P_any,
engagement_saturation,Compressed,8.0,NORMAL,8.0,W_over_reference_exposure,0.5,0.499581,P_any,
engagement_saturation,Compressed,8.0,NORMAL,16.0,W_over_reference_exposure,0.6666666666666666,0.666937,P_any,
grade_map_sensitivity,Compressed,8.0,NONE,100000.0,exposure,0.0,0.0,P_any,
grade_map_sensitivity,Compressed,8.0,LOW,100000.0,exposure,0.06976744186046512,0.069696,P_any,
grade_map_sensitivity,Compressed,8.0,NORMAL,100000.0,exposure,0.1111111111111111,0.11123,P_any,
grade_map_sensitivity,Compressed,8.0,HIGH,100000.0,exposure,0.15789473684210525,0.158231,P_any,
grade_map_sensitivity,Compressed,8.0,VERY_HIGH,100000.0,exposure,0.2,0.199792,P_any,
engagement_saturation,Moderate,0.25,NORMAL,0.0,W_over_reference_exposure,0.0,0.0,P_any,
engagement_saturation,Moderate,0.25,NORMAL,0.01,W_over_reference_exposure,0.038461538461538464,0.038313,P_any,
engagement_saturation,Moderate,0.25,NORMAL,0.025,W_over_reference_exposure,0.09090909090909091,0.090673,P_any,
engagement_saturation,Moderate,0.25,NORMAL,0.05,W_over_reference_exposure,0.16666666666666666,0.166432,P_any,
engagement_saturation,Moderate,0.25,NORMAL,0.1,W_over_reference_exposure,0.2857142857142857,0.285939,P_any,
engagement_saturation,Moderate,0.25,NORMAL,0.25,W_over_reference_exposure,0.5,0.50093,P_any,
engagement_saturation,Moderate,0.25,NORMAL,0.5,W_over_reference_exposure,0.6666666666666666,0.666164,P_any,
engagement_saturation,Moderate,0.25,NORMAL,1.0,W_over_reference_exposure,0.8,0.799762,P_any,
engagement_saturation,Moderate,0.25,NORMAL,2.0,W_over_reference_exposure,0.8888888888888888,0.888697,P_any,
engagement_saturation,Moderate,0.25,NORMAL,4.0,W_over_reference_exposure,0.9411764705882353,0.941122,P_any,
engagement_saturation,Moderate,0.25,NORMAL,8.0,W_over_reference_exposure,0.9696969696969697,0.969844,P_any,
engagement_saturation,Moderate,0.25,NORMAL,16.0,W_over_reference_exposure,0.9846153846153847,0.984634,P_any,
grade_map_sensitivity,Moderate,0.25,NONE,100000.0,exposure,0.0,0.0,P_any,
grade_map_sensitivity,Moderate,0.25,LOW,100000.0,exposure,0.5,0.49955,P_any,
grade_map_sensitivity,Moderate,0.25,NORMAL,100000.0,exposure,0.8,0.799947,P_any,
grade_map_sensitivity,Moderate,0.25,HIGH,100000.0,exposure,0.8888888888888888,0.888903,P_any,
grade_map_sensitivity,Moderate,0.25,VERY_HIGH,100000.0,exposure,0.9411764705882353,0.941201,P_any,
engagement_saturation,Moderate,0.5,NORMAL,0.0,W_over_reference_exposure,0.0,0.0,P_any,
engagement_saturation,Moderate,0.5,NORMAL,0.01,W_over_reference_exposure,0.0196078431372549,0.019678,P_any,
engagement_saturation,Moderate,0.5,NORMAL,0.025,W_over_reference_exposure,0.047619047619047616,0.047633,P_any,
engagement_saturation,Moderate,0.5,NORMAL,0.05,W_over_reference_exposure,0.09090909090909091,0.090679,P_any,
engagement_saturation,Moderate,0.5,NORMAL,0.1,W_over_reference_exposure,0.16666666666666666,0.16749,P_any,
engagement_saturation,Moderate,0.5,NORMAL,0.25,W_over_reference_exposure,0.3333333333333333,0.333208,P_any,
engagement_saturation,Moderate,0.5,NORMAL,0.5,W_over_reference_exposure,0.5,0.500321,P_any,
engagement_saturation,Moderate,0.5,NORMAL,1.0,W_over_reference_exposure,0.6666666666666666,0.666044,P_any,
engagement_saturation,Moderate,0.5,NORMAL,2.0,W_over_reference_exposure,0.8,0.799563,P_any,
engagement_saturation,Moderate,0.5,NORMAL,4.0,W_over_reference_exposure,0.8888888888888888,0.888342,P_any,
engagement_saturation,Moderate,0.5,NORMAL,8.0,W_over_reference_exposure,0.9411764705882353,0.941195,P_any,
engagement_saturation,Moderate,0.5,NORMAL,16.0,W_over_reference_exposure,0.9696969696969697,0.969747,P_any,
grade_map_sensitivity,Moderate,0.5,NONE,100000.0,exposure,0.0,0.0,P_any,
grade_map_sensitivity,Moderate,0.5,LOW,100000.0,exposure,0.3333333333333333,0.333771,P_any,
grade_map_sensitivity,Moderate,0.5,NORMAL,100000.0,exposure,0.6666666666666666,0.666309,P_any,
grade_map_sensitivity,Moderate,0.5,HIGH,100000.0,exposure,0.8,0.799864,P_any,
grade_map_sensitivity,Moderate,0.5,VERY_HIGH,100000.0,exposure,0.8888888888888888,0.889208,P_any,
engagement_saturation,Moderate,1.0,NORMAL,0.0,W_over_reference_exposure,0.0,0.0,P_any,
engagement_saturation,Moderate,1.0,NORMAL,0.01,W_over_reference_exposure,0.009900990099009901,0.010075,P_any,
engagement_saturation,Moderate,1.0,NORMAL,0.025,W_over_reference_exposure,0.024390243902439025,0.024478,P_any,
engagement_saturation,Moderate,1.0,NORMAL,0.05,W_over_reference_exposure,0.047619047619047616,0.047297,P_any,
engagement_saturation,Moderate,1.0,NORMAL,0.1,W_over_reference_exposure,0.09090909090909091,0.090898,P_any,
engagement_saturation,Moderate,1.0,NORMAL,0.25,W_over_reference_exposure,0.2,0.200064,P_any,
engagement_saturation,Moderate,1.0,NORMAL,0.5,W_over_reference_exposure,0.3333333333333333,0.333499,P_any,
engagement_saturation,Moderate,1.0,NORMAL,1.0,W_over_reference_exposure,0.5,0.499683,P_any,
engagement_saturation,Moderate,1.0,NORMAL,2.0,W_over_reference_exposure,0.6666666666666666,0.667157,P_any,
engagement_saturation,Moderate,1.0,NORMAL,4.0,W_over_reference_exposure,0.8,0.799562,P_any,
engagement_saturation,Moderate,1.0,NORMAL,8.0,W_over_reference_exposure,0.8888888888888888,0.889156,P_any,
engagement_saturation,Moderate,1.0,NORMAL,16.0,W_over_reference_exposure,0.9411764705882353,0.941186,P_any,
grade_map_sensitivity,Moderate,1.0,NONE,100000.0,exposure,0.0,0.0,P_any,
grade_map_sensitivity,Moderate,1.0,LOW,100000.0,exposure,0.2,0.200539,P_any,
grade_map_sensitivity,Moderate,1.0,NORMAL,100000.0,exposure,0.5,0.500416,P_any,
grade_map_sensitivity,Moderate,1.0,HIGH,100000.0,exposure,0.6666666666666666,0.666488,P_any,
grade_map_sensitivity,Moderate,1.0,VERY_HIGH,100000.0,exposure,0.8,0.800537,P_any,
engagement_saturation,Moderate,2.0,NORMAL,0.0,W_over_reference_exposure,0.0,0.0,P_any,
engagement_saturation,Moderate,2.0,NORMAL,0.01,W_over_reference_exposure,0.004975124378109453,0.00507,P_any,
engagement_saturation,Moderate,2.0,NORMAL,0.025,W_over_reference_exposure,0.012345679012345678,0.012221,P_any,
engagement_saturation,Moderate,2.0,NORMAL,0.05,W_over_reference_exposure,0.024390243902439025,0.02449,P_any,
engagement_saturation,Moderate,2.0,NORMAL,0.1,W_over_reference_exposure,0.047619047619047616,0.047683,P_any,
engagement_saturation,Moderate,2.0,NORMAL,0.25,W_over_reference_exposure,0.1111111111111111,0.110927,P_any,
engagement_saturation,Moderate,2.0,NORMAL,0.5,W_over_reference_exposure,0.2,0.200357,P_any,
engagement_saturation,Moderate,2.0,NORMAL,1.0,W_over_reference_exposure,0.3333333333333333,0.332946,P_any,
engagement_saturation,Moderate,2.0,NORMAL,2.0,W_over_reference_exposure,0.5,0.500028,P_any,
engagement_saturation,Moderate,2.0,NORMAL,4.0,W_over_reference_exposure,0.6666666666666666,0.666347,P_any,
engagement_saturation,Moderate,2.0,NORMAL,8.0,W_over_reference_exposure,0.8,0.799827,P_any,
engagement_saturation,Moderate,2.0,NORMAL,16.0,W_over_reference_exposure,0.8888888888888888,0.888483,P_any,
grade_map_sensitivity,Moderate,2.0,NONE,100000.0,exposure,0.0,0.0,P_any,
grade_map_sensitivity,Moderate,2.0,LOW,100000.0,exposure,0.1111111111111111,0.111941,P_any,
grade_map_sensitivity,Moderate,2.0,NORMAL,100000.0,exposure,0.3333333333333333,0.333949,P_any,
grade_map_sensitivity,Moderate,2.0,HIGH,100000.0,exposure,0.5,0.499972,P_any,
grade_map_sensitivity,Moderate,2.0,VERY_HIGH,100000.0,exposure,0.6666666666666666,0.667701,P_any,
engagement_saturation,Moderate,4.0,NORMAL,0.0,W_over_reference_exposure,0.0,0.0,P_any,
engagement_saturation,Moderate,4.0,NORMAL,0.01,W_over_reference_exposure,0.0024937655860349127,0.002533,P_any,
engagement_saturation,Moderate,4.0,NORMAL,0.025,W_over_reference_exposure,0.006211180124223602,0.006172,P_any,
engagement_saturation,Moderate,4.0,NORMAL,0.05,W_over_reference_exposure,0.012345679012345678,0.012386,P_any,
engagement_saturation,Moderate,4.0,NORMAL,0.1,W_over_reference_exposure,0.024390243902439025,0.024304,P_any,
engagement_saturation,Moderate,4.0,NORMAL,0.25,W_over_reference_exposure,0.058823529411764705,0.058829,P_any,
engagement_saturation,Moderate,4.0,NORMAL,0.5,W_over_reference_exposure,0.1111111111111111,0.11104,P_any,
engagement_saturation,Moderate,4.0,NORMAL,1.0,W_over_reference_exposure,0.2,0.20013,P_any,
engagement_saturation,Moderate,4.0,NORMAL,2.0,W_over_reference_exposure,0.3333333333333333,0.332946,P_any,
engagement_saturation,Moderate,4.0,NORMAL,4.0,W_over_reference_exposure,0.5,0.500256,P_any,
engagement_saturation,Moderate,4.0,NORMAL,8.0,W_over_reference_exposure,0.6666666666666666,0.66749,P_any,
engagement_saturation,Moderate,4.0,NORMAL,16.0,W_over_reference_exposure,0.8,0.79995,P_any,
grade_map_sensitivity,Moderate,4.0,NONE,100000.0,exposure,0.0,0.0,P_any,
grade_map_sensitivity,Moderate,4.0,LOW,100000.0,exposure,0.058823529411764705,0.059287,P_any,
grade_map_sensitivity,Moderate,4.0,NORMAL,100000.0,exposure,0.2,0.200283,P_any,
grade_map_sensitivity,Moderate,4.0,HIGH,100000.0,exposure,0.3333333333333333,0.333517,P_any,
grade_map_sensitivity,Moderate,4.0,VERY_HIGH,100000.0,exposure,0.5,0.500117,P_any,
engagement_saturation,Moderate,8.0,NORMAL,0.0,W_over_reference_exposure,0.0,0.0,P_any,
engagement_saturation,Moderate,8.0,NORMAL,0.01,W_over_reference_exposure,0.0012484394506866417,0.001234,P_any,
engagement_saturation,Moderate,8.0,NORMAL,0.025,W_over_reference_exposure,0.003115264797507788,0.003133,P_any,
engagement_saturation,Moderate,8.0,NORMAL,0.05,W_over_reference_exposure,0.006211180124223602,0.006218,P_any,
engagement_saturation,Moderate,8.0,NORMAL,0.1,W_over_reference_exposure,0.012345679012345678,0.012533,P_any,
engagement_saturation,Moderate,8.0,NORMAL,0.25,W_over_reference_exposure,0.030303030303030304,0.030325,P_any,
engagement_saturation,Moderate,8.0,NORMAL,0.5,W_over_reference_exposure,0.058823529411764705,0.05899,P_any,
engagement_saturation,Moderate,8.0,NORMAL,1.0,W_over_reference_exposure,0.1111111111111111,0.111008,P_any,
engagement_saturation,Moderate,8.0,NORMAL,2.0,W_over_reference_exposure,0.2,0.200137,P_any,
engagement_saturation,Moderate,8.0,NORMAL,4.0,W_over_reference_exposure,0.3333333333333333,0.333112,P_any,
engagement_saturation,Moderate,8.0,NORMAL,8.0,W_over_reference_exposure,0.5,0.500144,P_any,
engagement_saturation,Moderate,8.0,NORMAL,16.0,W_over_reference_exposure,0.6666666666666666,0.666462,P_any,
grade_map_sensitivity,Moderate,8.0,NONE,100000.0,exposure,0.0,0.0,P_any,
grade_map_sensitivity,Moderate,8.0,LOW,100000.0,exposure,0.030303030303030304,0.030241,P_any,
grade_map_sensitivity,Moderate,8.0,NORMAL,100000.0,exposure,0.1111111111111111,0.110939,P_any,
grade_map_sensitivity,Moderate,8.0,HIGH,100000.0,exposure,0.2,0.200024,P_any,
grade_map_sensitivity,Moderate,8.0,VERY_HIGH,100000.0,exposure,0.3333333333333333,0.334247,P_any,
engagement_saturation,Wide,0.25,NORMAL,0.0,W_over_reference_exposure,0.0,0.0,P_any,
engagement_saturation,Wide,0.25,NORMAL,0.01,W_over_reference_exposure,0.038461538461538464,0.038412,P_any,
engagement_saturation,Wide,0.25,NORMAL,0.025,W_over_reference_exposure,0.09090909090909091,0.090645,P_any,
engagement_saturation,Wide,0.25,NORMAL,0.05,W_over_reference_exposure,0.16666666666666666,0.16691,P_any,
engagement_saturation,Wide,0.25,NORMAL,0.1,W_over_reference_exposure,0.2857142857142857,0.286339,P_any,
engagement_saturation,Wide,0.25,NORMAL,0.25,W_over_reference_exposure,0.5,0.499518,P_any,
engagement_saturation,Wide,0.25,NORMAL,0.5,W_over_reference_exposure,0.6666666666666666,0.666739,P_any,
engagement_saturation,Wide,0.25,NORMAL,1.0,W_over_reference_exposure,0.8,0.800915,P_any,
engagement_saturation,Wide,0.25,NORMAL,2.0,W_over_reference_exposure,0.8888888888888888,0.888507,P_any,
engagement_saturation,Wide,0.25,NORMAL,4.0,W_over_reference_exposure,0.9411764705882353,0.941241,P_any,
engagement_saturation,Wide,0.25,NORMAL,8.0,W_over_reference_exposure,0.9696969696969697,0.969678,P_any,
engagement_saturation,Wide,0.25,NORMAL,16.0,W_over_reference_exposure,0.9846153846153847,0.984527,P_any,
grade_map_sensitivity,Wide,0.25,NONE,100000.0,exposure,0.0,0.0,P_any,
grade_map_sensitivity,Wide,0.25,LOW,100000.0,exposure,0.2857142857142857,0.285579,P_any,
grade_map_sensitivity,Wide,0.25,NORMAL,100000.0,exposure,0.8,0.799846,P_any,
grade_map_sensitivity,Wide,0.25,HIGH,100000.0,exposure,0.9230769230769231,0.922506,P_any,
grade_map_sensitivity,Wide,0.25,VERY_HIGH,100000.0,exposure,0.9696969696969697,0.969577,P_any,
engagement_saturation,Wide,0.5,NORMAL,0.0,W_over_reference_exposure,0.0,0.0,P_any,
engagement_saturation,Wide,0.5,NORMAL,0.01,W_over_reference_exposure,0.0196078431372549,0.019442,P_any,
engagement_saturation,Wide,0.5,NORMAL,0.025,W_over_reference_exposure,0.047619047619047616,0.04747,P_any,
engagement_saturation,Wide,0.5,NORMAL,0.05,W_over_reference_exposure,0.09090909090909091,0.090971,P_any,
engagement_saturation,Wide,0.5,NORMAL,0.1,W_over_reference_exposure,0.16666666666666666,0.166052,P_any,
engagement_saturation,Wide,0.5,NORMAL,0.25,W_over_reference_exposure,0.3333333333333333,0.333126,P_any,
engagement_saturation,Wide,0.5,NORMAL,0.5,W_over_reference_exposure,0.5,0.49977,P_any,
engagement_saturation,Wide,0.5,NORMAL,1.0,W_over_reference_exposure,0.6666666666666666,0.666873,P_any,
engagement_saturation,Wide,0.5,NORMAL,2.0,W_over_reference_exposure,0.8,0.799658,P_any,
engagement_saturation,Wide,0.5,NORMAL,4.0,W_over_reference_exposure,0.8888888888888888,0.888939,P_any,
engagement_saturation,Wide,0.5,NORMAL,8.0,W_over_reference_exposure,0.9411764705882353,0.941127,P_any,
engagement_saturation,Wide,0.5,NORMAL,16.0,W_over_reference_exposure,0.9696969696969697,0.969884,P_any,
grade_map_sensitivity,Wide,0.5,NONE,100000.0,exposure,0.0,0.0,P_any,
grade_map_sensitivity,Wide,0.5,LOW,100000.0,exposure,0.16666666666666666,0.166887,P_any,
grade_map_sensitivity,Wide,0.5,NORMAL,100000.0,exposure,0.6666666666666666,0.666723,P_any,
grade_map_sensitivity,Wide,0.5,HIGH,100000.0,exposure,0.8571428571428571,0.857542,P_any,
grade_map_sensitivity,Wide,0.5,VERY_HIGH,100000.0,exposure,0.9411764705882353,0.94149,P_any,
engagement_saturation,Wide,1.0,NORMAL,0.0,W_over_reference_exposure,0.0,0.0,P_any,
engagement_saturation,Wide,1.0,NORMAL,0.01,W_over_reference_exposure,0.009900990099009901,0.009858,P_any,
engagement_saturation,Wide,1.0,NORMAL,0.025,W_over_reference_exposure,0.024390243902439025,0.024864,P_any,
engagement_saturation,Wide,1.0,NORMAL,0.05,W_over_reference_exposure,0.047619047619047616,0.048027,P_any,
engagement_saturation,Wide,1.0,NORMAL,0.1,W_over_reference_exposure,0.09090909090909091,0.091081,P_any,
engagement_saturation,Wide,1.0,NORMAL,0.25,W_over_reference_exposure,0.2,0.200257,P_any,
engagement_saturation,Wide,1.0,NORMAL,0.5,W_over_reference_exposure,0.3333333333333333,0.332792,P_any,
engagement_saturation,Wide,1.0,NORMAL,1.0,W_over_reference_exposure,0.5,0.499968,P_any,
engagement_saturation,Wide,1.0,NORMAL,2.0,W_over_reference_exposure,0.6666666666666666,0.666683,P_any,
engagement_saturation,Wide,1.0,NORMAL,4.0,W_over_reference_exposure,0.8,0.799281,P_any,
engagement_saturation,Wide,1.0,NORMAL,8.0,W_over_reference_exposure,0.8888888888888888,0.888909,P_any,
engagement_saturation,Wide,1.0,NORMAL,16.0,W_over_reference_exposure,0.9411764705882353,0.941155,P_any,
grade_map_sensitivity,Wide,1.0,NONE,100000.0,exposure,0.0,0.0,P_any,
grade_map_sensitivity,Wide,1.0,LOW,100000.0,exposure,0.09090909090909091,0.091302,P_any,
grade_map_sensitivity,Wide,1.0,NORMAL,100000.0,exposure,0.5,0.500519,P_any,
grade_map_sensitivity,Wide,1.0,HIGH,100000.0,exposure,0.75,0.75005,P_any,
grade_map_sensitivity,Wide,1.0,VERY_HIGH,100000.0,exposure,0.8888888888888888,0.888696,P_any,
engagement_saturation,Wide,2.0,NORMAL,0.0,W_over_reference_exposure,0.0,0.0,P_any,
engagement_saturation,Wide,2.0,NORMAL,0.01,W_over_reference_exposure,0.004975124378109453,0.00515,P_any,
engagement_saturation,Wide,2.0,NORMAL,0.025,W_over_reference_exposure,0.012345679012345678,0.01239,P_any,
engagement_saturation,Wide,2.0,NORMAL,0.05,W_over_reference_exposure,0.024390243902439025,0.02454,P_any,
engagement_saturation,Wide,2.0,NORMAL,0.1,W_over_reference_exposure,0.047619047619047616,0.047672,P_any,
engagement_saturation,Wide,2.0,NORMAL,0.25,W_over_reference_exposure,0.1111111111111111,0.111377,P_any,
engagement_saturation,Wide,2.0,NORMAL,0.5,W_over_reference_exposure,0.2,0.200724,P_any,
engagement_saturation,Wide,2.0,NORMAL,1.0,W_over_reference_exposure,0.3333333333333333,0.333629,P_any,
engagement_saturation,Wide,2.0,NORMAL,2.0,W_over_reference_exposure,0.5,0.500215,P_any,
engagement_saturation,Wide,2.0,NORMAL,4.0,W_over_reference_exposure,0.6666666666666666,0.667037,P_any,
engagement_saturation,Wide,2.0,NORMAL,8.0,W_over_reference_exposure,0.8,0.799922,P_any,
engagement_saturation,Wide,2.0,NORMAL,16.0,W_over_reference_exposure,0.8888888888888888,0.889183,P_any,
grade_map_sensitivity,Wide,2.0,NONE,100000.0,exposure,0.0,0.0,P_any,
grade_map_sensitivity,Wide,2.0,LOW,100000.0,exposure,0.047619047619047616,0.047553,P_any,
grade_map_sensitivity,Wide,2.0,NORMAL,100000.0,exposure,0.3333333333333333,0.333197,P_any,
grade_map_sensitivity,Wide,2.0,HIGH,100000.0,exposure,0.6,0.599767,P_any,
grade_map_sensitivity,Wide,2.0,VERY_HIGH,100000.0,exposure,0.8,0.799818,P_any,
engagement_saturation,Wide,4.0,NORMAL,0.0,W_over_reference_exposure,0.0,0.0,P_any,
engagement_saturation,Wide,4.0,NORMAL,0.01,W_over_reference_exposure,0.0024937655860349127,0.002532,P_any,
engagement_saturation,Wide,4.0,NORMAL,0.025,W_over_reference_exposure,0.006211180124223602,0.006368,P_any,
engagement_saturation,Wide,4.0,NORMAL,0.05,W_over_reference_exposure,0.012345679012345678,0.012339,P_any,
engagement_saturation,Wide,4.0,NORMAL,0.1,W_over_reference_exposure,0.024390243902439025,0.024416,P_any,
engagement_saturation,Wide,4.0,NORMAL,0.25,W_over_reference_exposure,0.058823529411764705,0.058684,P_any,
engagement_saturation,Wide,4.0,NORMAL,0.5,W_over_reference_exposure,0.1111111111111111,0.111241,P_any,
engagement_saturation,Wide,4.0,NORMAL,1.0,W_over_reference_exposure,0.2,0.199928,P_any,
engagement_saturation,Wide,4.0,NORMAL,2.0,W_over_reference_exposure,0.3333333333333333,0.334374,P_any,
engagement_saturation,Wide,4.0,NORMAL,4.0,W_over_reference_exposure,0.5,0.500283,P_any,
engagement_saturation,Wide,4.0,NORMAL,8.0,W_over_reference_exposure,0.6666666666666666,0.66687,P_any,
engagement_saturation,Wide,4.0,NORMAL,16.0,W_over_reference_exposure,0.8,0.799802,P_any,
grade_map_sensitivity,Wide,4.0,NONE,100000.0,exposure,0.0,0.0,P_any,
grade_map_sensitivity,Wide,4.0,LOW,100000.0,exposure,0.024390243902439025,0.024361,P_any,
grade_map_sensitivity,Wide,4.0,NORMAL,100000.0,exposure,0.2,0.20024,P_any,
grade_map_sensitivity,Wide,4.0,HIGH,100000.0,exposure,0.42857142857142855,0.428042,P_any,
grade_map_sensitivity,Wide,4.0,VERY_HIGH,100000.0,exposure,0.6666666666666666,0.666742,P_any,
engagement_saturation,Wide,8.0,NORMAL,0.0,W_over_reference_exposure,0.0,0.0,P_any,
engagement_saturation,Wide,8.0,NORMAL,0.01,W_over_reference_exposure,0.0012484394506866417,0.001282,P_any,
engagement_saturation,Wide,8.0,NORMAL,0.025,W_over_reference_exposure,0.003115264797507788,0.003163,P_any,
engagement_saturation,Wide,8.0,NORMAL,0.05,W_over_reference_exposure,0.006211180124223602,0.006105,P_any,
engagement_saturation,Wide,8.0,NORMAL,0.1,W_over_reference_exposure,0.012345679012345678,0.012235,P_any,
engagement_saturation,Wide,8.0,NORMAL,0.25,W_over_reference_exposure,0.030303030303030304,0.03064,P_any,
engagement_saturation,Wide,8.0,NORMAL,0.5,W_over_reference_exposure,0.058823529411764705,0.058893,P_any,
engagement_saturation,Wide,8.0,NORMAL,1.0,W_over_reference_exposure,0.1111111111111111,0.111412,P_any,
engagement_saturation,Wide,8.0,NORMAL,2.0,W_over_reference_exposure,0.2,0.200407,P_any,
engagement_saturation,Wide,8.0,NORMAL,4.0,W_over_reference_exposure,0.3333333333333333,0.333288,P_any,
engagement_saturation,Wide,8.0,NORMAL,8.0,W_over_reference_exposure,0.5,0.500069,P_any,
engagement_saturation,Wide,8.0,NORMAL,16.0,W_over_reference_exposure,0.6666666666666666,0.666339,P_any,
grade_map_sensitivity,Wide,8.0,NONE,100000.0,exposure,0.0,0.0,P_any,
grade_map_sensitivity,Wide,8.0,LOW,100000.0,exposure,0.012345679012345678,0.012384,P_any,
grade_map_sensitivity,Wide,8.0,NORMAL,100000.0,exposure,0.1111111111111111,0.111541,P_any,
grade_map_sensitivity,Wide,8.0,HIGH,100000.0,exposure,0.2727272727272727,0.272614,P_any,
grade_map_sensitivity,Wide,8.0,VERY_HIGH,100000.0,exposure,0.5,0.499616,P_any,
reopen_signal,,,,,percent,124.99999999999996,,max_abs_fixed_category_substitution_change_pct,True
reopen_signal,,,,,categories,20,,first_roster_count_reaching_p_any_0_9_in_grid,True
reopen_signal,,,,,of_12_pairs,8,,technique_grid_cadence_inversion_count,True
reopen_signal,,,,,attempts,2,,first_unlimited_attempt_count_reaching_conversion_0_9_in_grid,True
