batch_id,n_stories_consumed,n_sketches,n_merge_confident,n_extension_candidate,n_new_template_candidate,n_ambiguous,dL_group,dL_bake,dL_response,dL_quality,dN_resolver_families,n_case_specific_resolvers,n_full_expansion
CENSUS-B0,5,15,14,2,5,1,0,3,2,0,0,0,0
CENSUS-B1,15,24,24,4,2,0,0,1,1,0,0,0,0
CENSUS-B2,10,20,20,0,1,0,0,0,1,0,0,0,0
CENSUS-B3,28,54,52,0,1,0,0,0,1,0,0,0,0
CENSUS-B4,26,50,51,1,0,0,0,0,0,0,0,0,0
CENSUS-RERUN-SINGLE-001,61,65,65,14,9,0,0,9,0,0,0,0,0
CENSUS-RERUN-PLAIN-001,9,9,8,3,2,2,0,2,0,0,0,0,0
CENSUS-B5,52,104,43,9,0,52,0,0,0,0,0,0,0
CENSUS-B6,47,94,45,2,0,47,0,0,0,0,0,0,0
