story_001	https://app.notion.com/p/3d6a4137d23681769fd2ffc9cf261e2f	B01-S01｜玻璃梭鲈｜低光与遮蔽下的离散捕食
story_002	https://app.notion.com/p/3d6a4137d23681cf9af8e9dec968e96e	B01-S03｜黑斑刺盖太阳鱼｜幼鱼浮游食物到成鱼捕食的食谱差异
story_003	https://app.notion.com/p/3d6a4137d2368165bbeee2e2fbeb7349	B01-S04｜黑斑刺盖太阳鱼｜雄鱼筑巢护卵的独立繁殖 Story
story_004	https://app.notion.com/p/3d6a4137d23681e8b364c215b33e6355	B01-S05｜鳄雀鳝｜鱼类猎物与缓慢取饵
story_005	https://app.notion.com/p/3d6a4137d236813d9339d59330afd01e	B01-S06｜鳄雀鳝｜洪水繁殖入口与不连续的年度成功
story_006	https://app.notion.com/p/3d6a4137d236811abba9f3b8bf0ccac4	B01-S08｜黄鲈｜体型食谱与小饵水层匹配
story_007	https://app.notion.com/p/3d6a4137d23681fc8405ec8581336190	B01-S09｜黄鲈｜产卵迁移与植被卵带
story_008	https://app.notion.com/p/3d6a4137d23681afab37eca0c0c6c103	B01-S10｜大口牛胭脂鱼｜浮游资源选择与滤食机会
story_009	https://app.notion.com/p/3d6a4137d23681bea04ed87916da8e63	B01-S11｜大口牛胭脂鱼｜水位升高后的繁殖浅滩通达
story_010	https://app.notion.com/p/3d6a4137d236816d8198f823d80f37e2	B01-S13｜褐鳟｜定居与海行生活史共存
story_011	https://app.notion.com/p/3d6a4137d236819fb27de6fb5aa72f1c	B01-S15｜褐鳟｜繁殖雄鱼竞争与求偶结果
story_012	https://app.notion.com/p/3d6a4137d2368177bbe6e094d6a47966	B01-S16｜美国红鱼｜尾露与底栖猎物斑块
story_013	https://app.notion.com/p/3d6a4137d23681e2b482d46134616af4	B01-S17｜美国红鱼｜潮位水深与幼鱼—成鱼栖地
story_014	https://app.notion.com/p/3d6a4137d236812d8df4c5f8d07694c1	B01-S18｜白斑狗鱼｜植被伏击与从下方接近
story_015	https://app.notion.com/p/3d6a4137d236816f8879d0f774f6f805	B01-S21｜鲻鱼｜底质、附着物与颗粒捕获吐出
story_016	https://app.notion.com/p/3d6a4137d236815380e0f50940a5caba	B01-S22｜鲻鱼｜近岸生长与外海产卵的空间分离
story_017	https://app.notion.com/p/3d6a4137d23681788e1be215763a29af	B01-S23｜虹鳟｜天然漂流与鲑卵/尸体食物脉冲
story_018	https://app.notion.com/p/3d6a4137d23681aaaaf3e57061df3973	B01-S25｜虹鳟｜定居虹鳟与海行钢头鳟
story_019	https://app.notion.com/p/3d6a4137d2368196b0b9d215bdde798e	B01-S26｜美洲鳗鲡｜夜间离散觅食与白天隐蔽
story_020	https://app.notion.com/p/3d6a4137d236819ab8e2fff03fe2a489	B01-S27｜美洲鳗鲡｜降海生殖与多阶段迁移
story_021	https://app.notion.com/p/3d6a4137d23681d5a86de73559a5deb7	B01-S28｜红鲑鱼｜浮游食物与阶段不确定的滤食证据
story_022	https://app.notion.com/p/3d6a4137d23681f891d3e32aaf9728ed	B01-S29｜红鲑鱼｜返河繁殖与非摄食捕获动机未定
story_023	https://app.notion.com/p/3d6a4137d23681bb926cd970f229f7a8	B01-S30｜大西洋鲑鱼｜生长摄食与返河繁殖的限定差异
story_024	https://app.notion.com/p/3d6a4137d236815ca0e2cfc0a3d60484	B01-S31｜小口黑鲈｜巢与幼鱼守护及营养竞争解释
story_025	https://app.notion.com/p/3d6a4137d236810893cccde48dedd880	B01-S33｜鸭嘴鲟｜滤食与颗粒选择的输入边界
story_026	https://app.notion.com/p/3d6a4137d23681c288bcc12b5a18fcef	B01-S36｜鸭嘴鲟｜锚挂捕获与主动摄食分离
story_027	https://app.notion.com/p/3d6a4137d236813f8caded5d51b52d39	B01-S37｜鸭嘴鲟｜开放水体生长与上游繁殖入口
story_028	https://app.notion.com/p/3d6a4137d23681159182c03c8bf67b17	B01-S38｜蓝鳃太阳鱼｜雄鱼护巢、觅食与食卵的边界
story_029	https://app.notion.com/p/3d6a4137d23681e2be24d0fa957526e3	B01-S40｜斑点叉尾鮰｜嗅味触觉与离散底层食物
story_030	https://app.notion.com/p/3d6a4137d236810989d1eeddf58de71e	B01-S41｜斑点叉尾鮰｜洞巢雄鱼照护与受扰食卵
story_031	https://app.notion.com/p/3d6a4137d236813fa889e6102f4ee6ca	B01-S42｜罗非鱼｜刮食、悬浮颗粒与再悬浮动作
story_032	https://app.notion.com/p/3d6a4137d2368154b78fd3fec19b1459	B01-S43｜罗非鱼｜雄鱼巢区领地与雌鱼离巢
story_033	https://app.notion.com/p/3d6a4137d236818cae92f8532fbe027a	B01-S45｜黑鼓鱼｜触须找底栖猎物与咽齿处理
story_034	https://app.notion.com/p/3d6a4137d23681909daed442e94da0dc	B01-S47｜海七鳃鳗｜附着宿主后的持续寄生
story_035	https://app.notion.com/p/3d6a4137d236817382c4de6449e19120	B01-S48｜海七鳃鳗｜埋栖滤食幼体到寄生与生殖期
story_036	https://app.notion.com/p/3d6a4137d23681c38bb0f7caab986286	B01-S50｜大西洋鳕鱼｜普通离散猎物摄食
story_037	https://app.notion.com/p/3d6a4137d2368152afffcdf456261a43	B01-S51｜大西洋鳕鱼｜繁殖发声、求偶与竞争的非等价性
story_038	https://app.notion.com/p/3d6a4137d2368110baa7c3aa1757100b	B01-S54｜草鱼｜流动水繁殖与亲鱼阶段摄食减少
story_039	https://app.notion.com/p/3d6a4137d23681babdcfec86c35f72d0	FISH-R02-S01｜大西洋鲭｜季节性上层鱼群与移动饵场
story_040	https://app.notion.com/p/3d6a4137d23681c69efefa6a371e89fc	FISH-R02-S03｜日本竹荚鱼｜近岸鱼群与水层追猎
story_041	https://app.notion.com/p/3d6a4137d236810389adf873f898a535	FISH-R02-S05｜毛鳞鱼｜繁殖上岸与近岸资源窗口
story_042	https://app.notion.com/p/3d6a4137d23681c290dbc9b0710febb5	FISH-R02-S06｜湖白鲑｜底层摄食与季节性浅深转换
story_043	https://app.notion.com/p/3d6a4137d23681939dd7c789509134a9	FISH-R02-S07｜鲢鱼｜滤食水体食物场与非目标捕获边界
story_044	https://app.notion.com/p/3d6a4137d23681d59e3bf530603e2284	FISH-R02-S08｜鲤鱼｜底质翻拱与资源斑块
story_045	https://app.notion.com/p/3d6a4137d23681dda0c4dbd8280dbe2e	FISH-R02-S10｜丁鱥｜底层摄食与季节水草边缘
story_046	https://app.notion.com/p/3d6a4137d23681cfa4efeb11fe04213b	FISH-R02-S12｜七彩神仙鱼（白）｜亲鱼护幼关系（色型不分裂）
story_047	https://app.notion.com/p/3d6a4137d2368106bd54e7ef606eb55b	FISH-R02-S13｜东方狐鲣｜开放水层追猎与移动饵群
story_048	https://app.notion.com/p/3d6a4137d23681049251ea92b7a333db	FISH-R02-S14｜中华倒刺鲃｜溪流底质资源与流速窗口
story_049	https://app.notion.com/p/3d6a4137d23681289047ff9c997bacf7	FISH-R02-S15｜乌鳢｜伏击捕食与护幼关系切换
story_050	https://app.notion.com/p/3d6a4137d2368117b9cdd6828de00beb	FISH-R02-S16｜云斑鮰｜夜间底栖嗅觉取食与洞巢护卵
story_051	https://app.notion.com/p/3d6a4137d23681faa88ad9760b2ef030	FISH-R02-S18｜俄罗斯鲟｜底栖摄食与河海繁殖洄游
story_052	https://app.notion.com/p/3d6a4137d23681aab03bdaeca05faa76	FISH-R02-S19｜光倒刺鲃｜山溪底质与刮食/杂食斑块
story_053	https://app.notion.com/p/3d6a4137d236814089eddfe91e338347	FISH-R02-S20｜公牛鲨｜广盐性河口进入与机会捕食
story_054	https://app.notion.com/p/3d6a4137d23681028bdee94a4f5e41d9	FISH-R02-S21｜六须鲶｜大型河道夜间底层捕食
story_055	https://app.notion.com/p/3d6a4137d23681cf89b2fb5a832aef1b	FISH-R02-S24｜加拿大梭鲈｜浑水低光与底层捕食窗口
story_056	https://app.notion.com/p/3d6a4137d23681b6adbcf75206b99a4c	FISH-R03｜红罗非｜Red Tilapia｜Discrete Target + Resource Patch
story_057	https://app.notion.com/p/3d6a4137d236817f8edccf78fbeabdc5	FISH-R03｜细鳞鲑｜Sharp Snouted Lenok｜Discrete Target + Resource Patch
story_058	https://app.notion.com/p/3d6a4137d23681848eb0ee76c93663ed	FISH-R03｜翘嘴红鲌｜Topmouth Culter｜Discrete Target + Resource Patch
story_059	https://app.notion.com/p/3d6a4137d23681eebb62c7b4b2132f19	FISH-R03｜花骨鱼｜Spotted Steed｜Discrete Target + Resource Patch
story_060	https://app.notion.com/p/3d6a4137d23681ad9672e8e81d5752db	FISH-R03｜荷包红鲤｜Wuyuan Red Carp｜Discrete Target + Resource Patch
story_061	https://app.notion.com/p/3d6a4137d23681c1b4fac037b7631591	FISH-R03｜蒙古红鲌｜Mongolian Redfin｜Discrete Target
story_062	https://app.notion.com/p/3d6a4137d236816e85fbca3e1ef4d667	FISH-R03｜蓝鲨｜Iridescent Shark｜Discrete Target + Resource Patch
story_063	https://app.notion.com/p/3d6a4137d236818f9981dedc07e03c00	FISH-R03｜赤眼鳟｜Barbel Chub｜Discrete Target + Resource Patch
story_064	https://app.notion.com/p/3d6a4137d236812ab773f562c6accd9b	FISH-R03｜野生鲫鱼｜Wild Crucian Carp｜Discrete Target + Resource Patch
story_065	https://app.notion.com/p/3d6a4137d23681b693f7f73ad95539cf	FISH-R03｜锦鲤｜Koi｜Discrete Target + Resource Patch
story_066	https://app.notion.com/p/3d6a4137d23681c1b8a7d56f48be7a68	FISH-R03｜镜鲤｜Mirror Carp｜Discrete Target + Resource Patch
story_067	https://app.notion.com/p/3d6a4137d2368147868de8a08885001a	FISH-R03｜长吻𬶏｜Chinese Longsnout Catfish｜Discrete Target + Resource Patch
story_068	https://app.notion.com/p/3d6a4137d2368185a6f4e94fe8b3ca4b	FISH-R03｜青梢红鲌｜Humpback｜Discrete Target
story_069	https://app.notion.com/p/3d6a4137d23681c0a7d9cc5e5972ae46	FISH-R03｜青鱼｜Black Carp｜Discrete Target + Resource Patch
story_070	https://app.notion.com/p/3d6a4137d23681deb421c7a1c9d53f83	FISH-R03｜革胡子鲶｜African Sharptooth Catfish｜Discrete Target + Resource Patch
story_071	https://app.notion.com/p/3d6a4137d236818eb38cf25aef41164a	FISH-R03｜马口鱼｜Chinese Hook Snout Carp｜Discrete Target
story_072	https://app.notion.com/p/3d6a4137d236817698b9df62d395e226	FISH-R03｜高体鳑鲏｜Rosy Bitterling｜Relation Object
story_073	https://app.notion.com/p/3d6a4137d236814b84ddf33781e05bb0	FISH-R03｜鯮鱼｜Long-jawed Baelama｜Discrete Target + Resource Patch
story_074	https://app.notion.com/p/3d6a4137d23681338a9cc4c040b22091	FISH-R03｜鲮｜Mud Carp｜Resource Patch
story_075	https://app.notion.com/p/3d6a4137d23681a0968cde706b47acb9	FISH-R03｜鳡鱼｜Yellowcheek｜Discrete Target
story_076	https://app.notion.com/p/3d6a4137d236815983abf5f2c410a970	FISH-R03｜麦穗鱼｜Stone Moroko｜Discrete Target
story_077	https://app.notion.com/p/3d6a4137d2368174aaadfcbbbbc9b780	FISH-R03｜黄尾鲴｜Xenocypris Davidi｜Resource Patch
story_078	https://app.notion.com/p/3d6a4137d23681328fc8d89c59da4998	FISH-R03｜黄金鲫｜Golden Crucian｜Discrete Target + Resource Patch
story_079	https://app.notion.com/p/3d6a4137d23681dc8e6de202c7146199	FISH-R03｜黄颡鱼｜Yellow Catfish｜Discrete Target + Resource Patch
story_080	https://app.notion.com/p/3d7a4137d236817a9f86caec88df0024	FISH-R04｜佛罗里达雀鳝｜Florida Gar｜Vegetated Surface Ambush
story_081	https://app.notion.com/p/3d7a4137d236819aad72cf309d7db5d1	FISH-R04｜北美狗鱼｜Muskellunge｜Large-Prey Edge Ambush
story_082	https://app.notion.com/p/3d7a4137d236811b880dfad49344867b	FISH-R04｜双线无须鳕｜Silver Hake｜Shelf-Depth Target
story_083	https://app.notion.com/p/3d7a4137d23681748aa0da90976fe73c	FISH-R04｜大眼金枪鱼｜Bigeye Tuna｜Deep-Diel Pelagic Target
story_084	https://app.notion.com/p/3d7a4137d2368181947de7791975c262	FISH-R04｜弓鳍鱼｜Bowfin｜Ambush Target
story_085	https://app.notion.com/p/3d7a4137d23681718192f26d1444e827	FISH-R04｜斑点黑鲈｜Spotted Bass｜Stream Cover Target
story_086	https://app.notion.com/p/3d7a4137d236816fa171d7a9ac9ea8bc	FISH-R04｜白斑刺盖太阳鱼｜White Crappie｜Structure-School Target
story_087	https://app.notion.com/p/3d7a4137d236811c954cdd6fffd3b270	FISH-R04｜白马切喉鳟｜Cutthroat Trout｜Resident–Migratory Drift
story_088	https://app.notion.com/p/3d7a4137d2368137b1ecf76fec83a7b7	FISH-R04｜真鲷｜Red Seabream｜Reef-Bottom Patch Target
story_089	https://app.notion.com/p/3d7a4137d23681aa98fccc4f7a4bb0dc	FISH-R04｜眼鳢｜Bullseye Snakehead｜Vegetated Ambush Patch
story_090	https://app.notion.com/p/3d7a4137d2368136a3ecf20f4c222565	FISH-R04｜红尾梭鱼｜Red Tail Barracuda｜Clearwater Pursuit
story_091	https://app.notion.com/p/3d7a4137d236815eb1acd392d461aa4e	FISH-R04｜红钩鱼｜Redhook Myleus｜Floodplain Plant Patch
story_092	https://app.notion.com/p/3d7a4137d23681459c6eec44d40540d2	FISH-R04｜美洲条纹狼鲈｜Striped Bass｜Migratory Pelagic Target
story_093	https://app.notion.com/p/3d7a4137d23681aea060ee0cf79baaa0	FISH-R04｜花羔红点鲑｜Dolly Varden｜Coldwater Resident–Anadromous Target
story_094	https://app.notion.com/p/3d7a4137d23681a99f2acf87d6ebb5ed	FISH-R04｜蓝笛鲷｜Green Jobfish｜Reef-Edge Current Break
story_095	https://app.notion.com/p/3d7a4137d236817db29cc755bb92fe52	FISH-R04｜西方七鳃鳗｜Western Brook Lamprey｜Stage-Switching Feeding
story_096	https://app.notion.com/p/3d7a4137d23681d792ebc480263705d0	FISH-R04｜链纹狗鱼｜Chain Pickerel｜Vegetation-Edge Target
story_097	https://app.notion.com/p/3d7a4137d2368159b20efda048576a55	FISH-R04｜长吻鲍氏脂鲤｜Bicuda｜Channel Pursuit Target
story_098	https://app.notion.com/p/3d7a4137d2368159a851e25fd5381e79	FISH-R04｜闪光鲟｜Stellate Sturgeon｜Benthic Odour Patch + Migration
story_099	https://app.notion.com/p/3d7a4137d23681a291a0e1b83b98b935	FISH-R04｜露仙美鱥｜Tennessee Shiner｜Sparse Evidence Target
story_100	https://app.notion.com/p/3d7a4137d2368105a422ff0e32cad31d	FISH-R04｜鬼头刀｜Mahi-Mahi｜Floating-Structure Bait Patch
story_101	https://app.notion.com/p/3d7a4137d23681ef8a31e7b7241ace23	FISH-R04｜黄尾鰤｜Yellowtail Amberjack｜Reef-Current Bait Patch
story_102	https://app.notion.com/p/3d7a4137d23681468fc8cfca06a434de	FISH-R04｜黑牛胭脂鱼｜Black Buffalo｜Benthic Patch to Bite
story_103	https://app.notion.com/p/3d7a4137d23681cc8485cf7fdc716f11	FISH-R05｜泰鲮｜Rohu
story_104	https://app.notion.com/p/3d7a4137d236815ba586fb7e25e34398	FISH-R05｜印度鲮｜Mrigal
story_105	https://app.notion.com/p/3d7a4137d236810a91acd9cad9bfd5ce	FISH-R05｜巴西鲷｜Prochilod
story_106	https://app.notion.com/p/3d7a4137d23681df9e38f4689e219394	FISH-R05｜美洲锐唇鲷｜Chiselmouth
story_107	https://app.notion.com/p/3d7a4137d236816396b9f9a29207231e	FISH-R05｜白条鱼｜Sharpbelly
story_108	https://app.notion.com/p/3d7a4137d236810d9ab1c2dc08b28fcb	FISH-R05｜暹罗巨鲤｜GiantBarb
story_109	https://app.notion.com/p/3d7a4137d23681e59d46f1981e46e9c4	FISH-R05｜小体鲟｜Sterlet
story_110	https://app.notion.com/p/3d7a4137d23681aeaae8e85ca7853dac	FISH-R05｜团头鲂｜Wuchang
story_111	https://app.notion.com/p/3d7a4137d23681a29516f86c42e789b5	FISH-R05｜笋壳鱼｜MarbleGoby
story_112	https://app.notion.com/p/3d7a4137d23681f6866be1226b01fceb	FISH-R05｜圆腹雅罗鱼｜Ide
